Datetime,consumption_mw,hour,dayofweek,date,prev_hour_mw
2017-12-01 01:00:00,13125.0,1,4,2017-12-01,13483.0
2017-12-01 02:00:00,12878.0,2,4,2017-12-01,13125.0
2017-12-01 03:00:00,12955.0,3,4,2017-12-01,12878.0
2017-12-01 04:00:00,13042.0,4,4,2017-12-01,12955.0
2017-12-01 05:00:00,13404.0,5,4,2017-12-01,13042.0
2017-12-01 06:00:00,14354.0,6,4,2017-12-01,13404.0
2017-12-01 07:00:00,15788.0,7,4,2017-12-01,14354.0
2017-12-01 08:00:00,16366.0,8,4,2017-12-01,15788.0
2017-12-01 09:00:00,16274.0,9,4,2017-12-01,16366.0
2017-12-01 10:00:00,15937.0,10,4,2017-12-01,16274.0
2017-12-01 11:00:00,15532.0,11,4,2017-12-01,15937.0
2017-12-01 12:00:00,14986.0,12,4,2017-12-01,15532.0
2017-12-01 13:00:00,14605.0,13,4,2017-12-01,14986.0
2017-12-01 14:00:00,14324.0,14,4,2017-12-01,14605.0
2017-12-01 15:00:00,14005.0,15,4,2017-12-01,14324.0
2017-12-01 16:00:00,13917.0,16,4,2017-12-01,14005.0
2017-12-01 17:00:00,14062.0,17,4,2017-12-01,13917.0
2017-12-01 18:00:00,15020.0,18,4,2017-12-01,14062.0
2017-12-01 19:00:00,15218.0,19,4,2017-12-01,15020.0
2017-12-01 20:00:00,15276.0,20,4,2017-12-01,15218.0
2017-12-01 21:00:00,15457.0,21,4,2017-12-01,15276.0
2017-12-01 22:00:00,15321.0,22,4,2017-12-01,15457.0
2017-12-01 23:00:00,14882.0,23,4,2017-12-01,15321.0
2017-12-02 00:00:00,14248.0,0,5,2017-12-02,14882.0
2017-12-02 01:00:00,13756.0,1,5,2017-12-02,14248.0
2017-12-02 02:00:00,13564.0,2,5,2017-12-02,13756.0
2017-12-02 03:00:00,13525.0,3,5,2017-12-02,13564.0
2017-12-02 04:00:00,13529.0,4,5,2017-12-02,13525.0
2017-12-02 05:00:00,13699.0,5,5,2017-12-02,13529.0
2017-12-02 06:00:00,13986.0,6,5,2017-12-02,13699.0
2017-12-02 07:00:00,14432.0,7,5,2017-12-02,13986.0
2017-12-02 08:00:00,15055.0,8,5,2017-12-02,14432.0
2017-12-02 09:00:00,15355.0,9,5,2017-12-02,15055.0
2017-12-02 10:00:00,15231.0,10,5,2017-12-02,15355.0
2017-12-02 11:00:00,14950.0,11,5,2017-12-02,15231.0
2017-12-02 12:00:00,14522.0,12,5,2017-12-02,14950.0
2017-12-02 13:00:00,14052.0,13,5,2017-12-02,14522.0
2017-12-02 14:00:00,13585.0,14,5,2017-12-02,14052.0
2017-12-02 15:00:00,13172.0,15,5,2017-12-02,13585.0
2017-12-02 16:00:00,13041.0,16,5,2017-12-02,13172.0
2017-12-02 17:00:00,13392.0,17,5,2017-12-02,13041.0
2017-12-02 18:00:00,14377.0,18,5,2017-12-02,13392.0
2017-12-02 19:00:00,14666.0,19,5,2017-12-02,14377.0
2017-12-02 20:00:00,14723.0,20,5,2017-12-02,14666.0
2017-12-02 21:00:00,14679.0,21,5,2017-12-02,14723.0
2017-12-02 22:00:00,14345.0,22,5,2017-12-02,14679.0
2017-12-02 23:00:00,14033.0,23,5,2017-12-02,14345.0
2017-12-03 00:00:00,13485.0,0,6,2017-12-03,14033.0
2017-12-03 01:00:00,13070.0,1,6,2017-12-03,13485.0
2017-12-03 02:00:00,12778.0,2,6,2017-12-03,13070.0
2017-12-03 03:00:00,12695.0,3,6,2017-12-03,12778.0
2017-12-03 04:00:00,12725.0,4,6,2017-12-03,12695.0
2017-12-03 05:00:00,12937.0,5,6,2017-12-03,12725.0
2017-12-03 06:00:00,13282.0,6,6,2017-12-03,12937.0
2017-12-03 07:00:00,13697.0,7,6,2017-12-03,13282.0
2017-12-03 08:00:00,14290.0,8,6,2017-12-03,13697.0
2017-12-03 09:00:00,14629.0,9,6,2017-12-03,14290.0
2017-12-03 10:00:00,14377.0,10,6,2017-12-03,14629.0
2017-12-03 11:00:00,13922.0,11,6,2017-12-03,14377.0
2017-12-03 12:00:00,13434.0,12,6,2017-12-03,13922.0
2017-12-03 13:00:00,13184.0,13,6,2017-12-03,13434.0
2017-12-03 14:00:00,12842.0,14,6,2017-12-03,13184.0
2017-12-03 15:00:00,12584.0,15,6,2017-12-03,12842.0
2017-12-03 16:00:00,12534.0,16,6,2017-12-03,12584.0
2017-12-03 17:00:00,12956.0,17,6,2017-12-03,12534.0
2017-12-03 18:00:00,14232.0,18,6,2017-12-03,12956.0
2017-12-03 19:00:00,14817.0,19,6,2017-12-03,14232.0
2017-12-03 20:00:00,15002.0,20,6,2017-12-03,14817.0
2017-12-03 21:00:00,15021.0,21,6,2017-12-03,15002.0
2017-12-03 22:00:00,14779.0,22,6,2017-12-03,15021.0
2017-12-03 23:00:00,14297.0,23,6,2017-12-03,14779.0
2017-12-04 00:00:00,13927.0,0,0,2017-12-04,14297.0
2017-12-04 01:00:00,13722.0,1,0,2017-12-04,13927.0
2017-12-04 02:00:00,13605.0,2,0,2017-12-04,13722.0
2017-12-04 03:00:00,13644.0,3,0,2017-12-04,13605.0
2017-12-04 04:00:00,13807.0,4,0,2017-12-04,13644.0
2017-12-04 05:00:00,14262.0,5,0,2017-12-04,13807.0
2017-12-04 06:00:00,15112.0,6,0,2017-12-04,14262.0
2017-12-04 07:00:00,16656.0,7,0,2017-12-04,15112.0
2017-12-04 08:00:00,17321.0,8,0,2017-12-04,16656.0
2017-12-04 09:00:00,17074.0,9,0,2017-12-04,17321.0
2017-12-04 10:00:00,16585.0,10,0,2017-12-04,17074.0
2017-12-04 11:00:00,16085.0,11,0,2017-12-04,16585.0
2017-12-04 12:00:00,15449.0,12,0,2017-12-04,16085.0
2017-12-04 13:00:00,15068.0,13,0,2017-12-04,15449.0
2017-12-04 14:00:00,14787.0,14,0,2017-12-04,15068.0
2017-12-04 15:00:00,14634.0,15,0,2017-12-04,14787.0
2017-12-04 16:00:00,14416.0,16,0,2017-12-04,14634.0
2017-12-04 17:00:00,14586.0,17,0,2017-12-04,14416.0
2017-12-04 18:00:00,15572.0,18,0,2017-12-04,14586.0
2017-12-04 19:00:00,15929.0,19,0,2017-12-04,15572.0
2017-12-04 20:00:00,15858.0,20,0,2017-12-04,15929.0
2017-12-04 21:00:00,15760.0,21,0,2017-12-04,15858.0
2017-12-04 22:00:00,15188.0,22,0,2017-12-04,15760.0
2017-12-04 23:00:00,14321.0,23,0,2017-12-04,15188.0
2017-12-05 00:00:00,13522.0,0,1,2017-12-05,14321.0
2017-12-05 01:00:00,12998.0,1,1,2017-12-05,13522.0
2017-12-05 02:00:00,12546.0,2,1,2017-12-05,12998.0
2017-12-05 03:00:00,12393.0,3,1,2017-12-05,12546.0
2017-12-05 04:00:00,12348.0,4,1,2017-12-05,12393.0
2017-12-05 05:00:00,12752.0,5,1,2017-12-05,12348.0
2017-12-05 06:00:00,13436.0,6,1,2017-12-05,12752.0
2017-12-05 07:00:00,14675.0,7,1,2017-12-05,13436.0
2017-12-05 08:00:00,15452.0,8,1,2017-12-05,14675.0
2017-12-05 09:00:00,15355.0,9,1,2017-12-05,15452.0
2017-12-05 10:00:00,15268.0,10,1,2017-12-05,15355.0
2017-12-05 11:00:00,15239.0,11,1,2017-12-05,15268.0
2017-12-05 12:00:00,15126.0,12,1,2017-12-05,15239.0
2017-12-05 13:00:00,15027.0,13,1,2017-12-05,15126.0
2017-12-05 14:00:00,15019.0,14,1,2017-12-05,15027.0
2017-12-05 15:00:00,15105.0,15,1,2017-12-05,15019.0
2017-12-05 16:00:00,15051.0,16,1,2017-12-05,15105.0
2017-12-05 17:00:00,15511.0,17,1,2017-12-05,15051.0
2017-12-05 18:00:00,16187.0,18,1,2017-12-05,15511.0
2017-12-05 19:00:00,16356.0,19,1,2017-12-05,16187.0
2017-12-05 20:00:00,16357.0,20,1,2017-12-05,16356.0
2017-12-05 21:00:00,16191.0,21,1,2017-12-05,16357.0
2017-12-05 22:00:00,15817.0,22,1,2017-12-05,16191.0
2017-12-05 23:00:00,15123.0,23,1,2017-12-05,15817.0
2017-12-06 00:00:00,14264.0,0,2,2017-12-06,15123.0
2017-12-06 01:00:00,13772.0,1,2,2017-12-06,14264.0
2017-12-06 02:00:00,13628.0,2,2,2017-12-06,13772.0
2017-12-06 03:00:00,13730.0,3,2,2017-12-06,13628.0
2017-12-06 04:00:00,13815.0,4,2,2017-12-06,13730.0
2017-12-06 05:00:00,14224.0,5,2,2017-12-06,13815.0
2017-12-06 06:00:00,15186.0,6,2,2017-12-06,14224.0
2017-12-06 07:00:00,16500.0,7,2,2017-12-06,15186.0
2017-12-06 08:00:00,17373.0,8,2,2017-12-06,16500.0
2017-12-06 09:00:00,17330.0,9,2,2017-12-06,17373.0
2017-12-06 10:00:00,17009.0,10,2,2017-12-06,17330.0
2017-12-06 11:00:00,16761.0,11,2,2017-12-06,17009.0
2017-12-06 12:00:00,16463.0,12,2,2017-12-06,16761.0
2017-12-06 13:00:00,16216.0,13,2,2017-12-06,16463.0
2017-12-06 14:00:00,16194.0,14,2,2017-12-06,16216.0
2017-12-06 15:00:00,16060.0,15,2,2017-12-06,16194.0
2017-12-06 16:00:00,15962.0,16,2,2017-12-06,16060.0
2017-12-06 17:00:00,16284.0,17,2,2017-12-06,15962.0
2017-12-06 18:00:00,17135.0,18,2,2017-12-06,16284.0
2017-12-06 19:00:00,17493.0,19,2,2017-12-06,17135.0
2017-12-06 20:00:00,17425.0,20,2,2017-12-06,17493.0
2017-12-06 21:00:00,17273.0,21,2,2017-12-06,17425.0
2017-12-06 22:00:00,16911.0,22,2,2017-12-06,17273.0
2017-12-06 23:00:00,16083.0,23,2,2017-12-06,16911.0
2017-12-07 00:00:00,15393.0,0,3,2017-12-07,16083.0
2017-12-07 01:00:00,14867.0,1,3,2017-12-07,15393.0
2017-12-07 02:00:00,14706.0,2,3,2017-12-07,14867.0
2017-12-07 03:00:00,14597.0,3,3,2017-12-07,14706.0
2017-12-07 04:00:00,14668.0,4,3,2017-12-07,14597.0
2017-12-07 05:00:00,14942.0,5,3,2017-12-07,14668.0
2017-12-07 06:00:00,15805.0,6,3,2017-12-07,14942.0
2017-12-07 07:00:00,17191.0,7,3,2017-12-07,15805.0
2017-12-07 08:00:00,17990.0,8,3,2017-12-07,17191.0
2017-12-07 09:00:00,17827.0,9,3,2017-12-07,17990.0
2017-12-07 10:00:00,17682.0,10,3,2017-12-07,17827.0
2017-12-07 11:00:00,17382.0,11,3,2017-12-07,17682.0
2017-12-07 12:00:00,16960.0,12,3,2017-12-07,17382.0
2017-12-07 13:00:00,16699.0,13,3,2017-12-07,16960.0
2017-12-07 14:00:00,16658.0,14,3,2017-12-07,16699.0
2017-12-07 15:00:00,16528.0,15,3,2017-12-07,16658.0
2017-12-07 16:00:00,16466.0,16,3,2017-12-07,16528.0
2017-12-07 17:00:00,16787.0,17,3,2017-12-07,16466.0
2017-12-07 18:00:00,17715.0,18,3,2017-12-07,16787.0
2017-12-07 19:00:00,17949.0,19,3,2017-12-07,17715.0
2017-12-07 20:00:00,18008.0,20,3,2017-12-07,17949.0
2017-12-07 21:00:00,18034.0,21,3,2017-12-07,18008.0
2017-12-07 22:00:00,17647.0,22,3,2017-12-07,18034.0
2017-12-07 23:00:00,16817.0,23,3,2017-12-07,17647.0
2017-12-08 00:00:00,16026.0,0,4,2017-12-08,16817.0
2017-12-08 01:00:00,15483.0,1,4,2017-12-08,16026.0
2017-12-08 02:00:00,15378.0,2,4,2017-12-08,15483.0
2017-12-08 03:00:00,15295.0,3,4,2017-12-08,15378.0
2017-12-08 04:00:00,15487.0,4,4,2017-12-08,15295.0
2017-12-08 05:00:00,15767.0,5,4,2017-12-08,15487.0
2017-12-08 06:00:00,16557.0,6,4,2017-12-08,15767.0
2017-12-08 07:00:00,17906.0,7,4,2017-12-08,16557.0
2017-12-08 08:00:00,18636.0,8,4,2017-12-08,17906.0
2017-12-08 09:00:00,18386.0,9,4,2017-12-08,18636.0
2017-12-08 10:00:00,18220.0,10,4,2017-12-08,18386.0
2017-12-08 11:00:00,18147.0,11,4,2017-12-08,18220.0
2017-12-08 12:00:00,18000.0,12,4,2017-12-08,18147.0
2017-12-08 13:00:00,17737.0,13,4,2017-12-08,18000.0
2017-12-08 14:00:00,17695.0,14,4,2017-12-08,17737.0
2017-12-08 15:00:00,17396.0,15,4,2017-12-08,17695.0
2017-12-08 16:00:00,17271.0,16,4,2017-12-08,17396.0
2017-12-08 17:00:00,17448.0,17,4,2017-12-08,17271.0
2017-12-08 18:00:00,18128.0,18,4,2017-12-08,17448.0
2017-12-08 19:00:00,18227.0,19,4,2017-12-08,18128.0
2017-12-08 20:00:00,18083.0,20,4,2017-12-08,18227.0
2017-12-08 21:00:00,17849.0,21,4,2017-12-08,18083.0
2017-12-08 22:00:00,17488.0,22,4,2017-12-08,17849.0
2017-12-08 23:00:00,16831.0,23,4,2017-12-08,17488.0
2017-12-09 00:00:00,16006.0,0,5,2017-12-09,16831.0
2017-12-09 01:00:00,15394.0,1,5,2017-12-09,16006.0
2017-12-09 02:00:00,15336.0,2,5,2017-12-09,15394.0
2017-12-09 03:00:00,15159.0,3,5,2017-12-09,15336.0
2017-12-09 04:00:00,15222.0,4,5,2017-12-09,15159.0
2017-12-09 05:00:00,15397.0,5,5,2017-12-09,15222.0
2017-12-09 06:00:00,15742.0,6,5,2017-12-09,15397.0
2017-12-09 07:00:00,16299.0,7,5,2017-12-09,15742.0
2017-12-09 08:00:00,16876.0,8,5,2017-12-09,16299.0
2017-12-09 09:00:00,17312.0,9,5,2017-12-09,16876.0
2017-12-09 10:00:00,17437.0,10,5,2017-12-09,17312.0
2017-12-09 11:00:00,17245.0,11,5,2017-12-09,17437.0
2017-12-09 12:00:00,17029.0,12,5,2017-12-09,17245.0
2017-12-09 13:00:00,16562.0,13,5,2017-12-09,17029.0
2017-12-09 14:00:00,16256.0,14,5,2017-12-09,16562.0
2017-12-09 15:00:00,16196.0,15,5,2017-12-09,16256.0
2017-12-09 16:00:00,16213.0,16,5,2017-12-09,16196.0
2017-12-09 17:00:00,16483.0,17,5,2017-12-09,16213.0
2017-12-09 18:00:00,17354.0,18,5,2017-12-09,16483.0
2017-12-09 19:00:00,17531.0,19,5,2017-12-09,17354.0
2017-12-09 20:00:00,17331.0,20,5,2017-12-09,17531.0
2017-12-09 21:00:00,17107.0,21,5,2017-12-09,17331.0
2017-12-09 22:00:00,16777.0,22,5,2017-12-09,17107.0
2017-12-09 23:00:00,16230.0,23,5,2017-12-09,16777.0
2017-12-10 00:00:00,15518.0,0,6,2017-12-10,16230.0
2017-12-10 01:00:00,15095.0,1,6,2017-12-10,15518.0
2017-12-10 02:00:00,14805.0,2,6,2017-12-10,15095.0
2017-12-10 03:00:00,14637.0,3,6,2017-12-10,14805.0
2017-12-10 04:00:00,14669.0,4,6,2017-12-10,14637.0
2017-12-10 05:00:00,14671.0,5,6,2017-12-10,14669.0
2017-12-10 06:00:00,14875.0,6,6,2017-12-10,14671.0
2017-12-10 07:00:00,15244.0,7,6,2017-12-10,14875.0
2017-12-10 08:00:00,15908.0,8,6,2017-12-10,15244.0
2017-12-10 09:00:00,16330.0,9,6,2017-12-10,15908.0
2017-12-10 10:00:00,16547.0,10,6,2017-12-10,16330.0
2017-12-10 11:00:00,16426.0,11,6,2017-12-10,16547.0
2017-12-10 12:00:00,16190.0,12,6,2017-12-10,16426.0
2017-12-10 13:00:00,16001.0,13,6,2017-12-10,16190.0
2017-12-10 14:00:00,15589.0,14,6,2017-12-10,16001.0
2017-12-10 15:00:00,15487.0,15,6,2017-12-10,15589.0
2017-12-10 16:00:00,15500.0,16,6,2017-12-10,15487.0
2017-12-10 17:00:00,15813.0,17,6,2017-12-10,15500.0
2017-12-10 18:00:00,16886.0,18,6,2017-12-10,15813.0
2017-12-10 19:00:00,17214.0,19,6,2017-12-10,16886.0
2017-12-10 20:00:00,17303.0,20,6,2017-12-10,17214.0
2017-12-10 21:00:00,17203.0,21,6,2017-12-10,17303.0
2017-12-10 22:00:00,16747.0,22,6,2017-12-10,17203.0
2017-12-10 23:00:00,16044.0,23,6,2017-12-10,16747.0
2017-12-11 00:00:00,15439.0,0,0,2017-12-11,16044.0
2017-12-11 01:00:00,15010.0,1,0,2017-12-11,15439.0
2017-12-11 02:00:00,14758.0,2,0,2017-12-11,15010.0
2017-12-11 03:00:00,14761.0,3,0,2017-12-11,14758.0
2017-12-11 04:00:00,14845.0,4,0,2017-12-11,14761.0
2017-12-11 05:00:00,15294.0,5,0,2017-12-11,14845.0
2017-12-11 06:00:00,16135.0,6,0,2017-12-11,15294.0
2017-12-11 07:00:00,17603.0,7,0,2017-12-11,16135.0
2017-12-11 08:00:00,18443.0,8,0,2017-12-11,17603.0
2017-12-11 09:00:00,18294.0,9,0,2017-12-11,18443.0
2017-12-11 10:00:00,17953.0,10,0,2017-12-11,18294.0
2017-12-11 11:00:00,17570.0,11,0,2017-12-11,17953.0
2017-12-11 12:00:00,17129.0,12,0,2017-12-11,17570.0
2017-12-11 13:00:00,16756.0,13,0,2017-12-11,17129.0
2017-12-11 14:00:00,16427.0,14,0,2017-12-11,16756.0
2017-12-11 15:00:00,16237.0,15,0,2017-12-11,16427.0
2017-12-11 16:00:00,16004.0,16,0,2017-12-11,16237.0
2017-12-11 17:00:00,16295.0,17,0,2017-12-11,16004.0
2017-12-11 18:00:00,17255.0,18,0,2017-12-11,16295.0
2017-12-11 19:00:00,17670.0,19,0,2017-12-11,17255.0
2017-12-11 20:00:00,17667.0,20,0,2017-12-11,17670.0
2017-12-11 21:00:00,17493.0,21,0,2017-12-11,17667.0
2017-12-11 22:00:00,17099.0,22,0,2017-12-11,17493.0
2017-12-11 23:00:00,16306.0,23,0,2017-12-11,17099.0
2017-12-12 00:00:00,15320.0,0,1,2017-12-12,16306.0
2017-12-12 01:00:00,14844.0,1,1,2017-12-12,15320.0
2017-12-12 02:00:00,14451.0,2,1,2017-12-12,14844.0
2017-12-12 03:00:00,14344.0,3,1,2017-12-12,14451.0
2017-12-12 04:00:00,14358.0,4,1,2017-12-12,14344.0
2017-12-12 05:00:00,14629.0,5,1,2017-12-12,14358.0
2017-12-12 06:00:00,15468.0,6,1,2017-12-12,14629.0
2017-12-12 07:00:00,16896.0,7,1,2017-12-12,15468.0
2017-12-12 08:00:00,17702.0,8,1,2017-12-12,16896.0
2017-12-12 09:00:00,17756.0,9,1,2017-12-12,17702.0
2017-12-12 10:00:00,17704.0,10,1,2017-12-12,17756.0
2017-12-12 11:00:00,17811.0,11,1,2017-12-12,17704.0
2017-12-12 12:00:00,17900.0,12,1,2017-12-12,17811.0
2017-12-12 13:00:00,17836.0,13,1,2017-12-12,17900.0
2017-12-12 14:00:00,17984.0,14,1,2017-12-12,17836.0
2017-12-12 15:00:00,17991.0,15,1,2017-12-12,17984.0
2017-12-12 16:00:00,18065.0,16,1,2017-12-12,17991.0
2017-12-12 17:00:00,18494.0,17,1,2017-12-12,18065.0
2017-12-12 18:00:00,19435.0,18,1,2017-12-12,18494.0
2017-12-12 19:00:00,19762.0,19,1,2017-12-12,19435.0
2017-12-12 20:00:00,19682.0,20,1,2017-12-12,19762.0
2017-12-12 21:00:00,19547.0,21,1,2017-12-12,19682.0
2017-12-12 22:00:00,19173.0,22,1,2017-12-12,19547.0
2017-12-12 23:00:00,18424.0,23,1,2017-12-12,19173.0
2017-12-13 00:00:00,17788.0,0,2,2017-12-13,18424.0
2017-12-13 01:00:00,17310.0,1,2,2017-12-13,17788.0
2017-12-13 02:00:00,17061.0,2,2,2017-12-13,17310.0
2017-12-13 03:00:00,17022.0,3,2,2017-12-13,17061.0
2017-12-13 04:00:00,17107.0,4,2,2017-12-13,17022.0
2017-12-13 05:00:00,17383.0,5,2,2017-12-13,17107.0
2017-12-13 06:00:00,18190.0,6,2,2017-12-13,17383.0
2017-12-13 07:00:00,19301.0,7,2,2017-12-13,18190.0
2017-12-13 08:00:00,19879.0,8,2,2017-12-13,19301.0
2017-12-13 09:00:00,19715.0,9,2,2017-12-13,19879.0
2017-12-13 10:00:00,19308.0,10,2,2017-12-13,19715.0
2017-12-13 11:00:00,18929.0,11,2,2017-12-13,19308.0
2017-12-13 12:00:00,18495.0,12,2,2017-12-13,18929.0
2017-12-13 13:00:00,18188.0,13,2,2017-12-13,18495.0
2017-12-13 14:00:00,17885.0,14,2,2017-12-13,18188.0
2017-12-13 15:00:00,17605.0,15,2,2017-12-13,17885.0
2017-12-13 16:00:00,17538.0,16,2,2017-12-13,17605.0
2017-12-13 17:00:00,17819.0,17,2,2017-12-13,17538.0
2017-12-13 18:00:00,18603.0,18,2,2017-12-13,17819.0
2017-12-13 19:00:00,18789.0,19,2,2017-12-13,18603.0
2017-12-13 20:00:00,18676.0,20,2,2017-12-13,18789.0
2017-12-13 21:00:00,18482.0,21,2,2017-12-13,18676.0
2017-12-13 22:00:00,17889.0,22,2,2017-12-13,18482.0
2017-12-13 23:00:00,17040.0,23,2,2017-12-13,17889.0
2017-12-14 00:00:00,16218.0,0,3,2017-12-14,17040.0
2017-12-14 01:00:00,15577.0,1,3,2017-12-14,16218.0
2017-12-14 02:00:00,15225.0,2,3,2017-12-14,15577.0
2017-12-14 03:00:00,15106.0,3,3,2017-12-14,15225.0
2017-12-14 04:00:00,15135.0,4,3,2017-12-14,15106.0
2017-12-14 05:00:00,15487.0,5,3,2017-12-14,15135.0
2017-12-14 06:00:00,16179.0,6,3,2017-12-14,15487.0
2017-12-14 07:00:00,17470.0,7,3,2017-12-14,16179.0
2017-12-14 08:00:00,18265.0,8,3,2017-12-14,17470.0
2017-12-14 09:00:00,18180.0,9,3,2017-12-14,18265.0
2017-12-14 10:00:00,18076.0,10,3,2017-12-14,18180.0
2017-12-14 11:00:00,17796.0,11,3,2017-12-14,18076.0
2017-12-14 12:00:00,17619.0,12,3,2017-12-14,17796.0
2017-12-14 13:00:00,17300.0,13,3,2017-12-14,17619.0
2017-12-14 14:00:00,17187.0,14,3,2017-12-14,17300.0
2017-12-14 15:00:00,17023.0,15,3,2017-12-14,17187.0
2017-12-14 16:00:00,16955.0,16,3,2017-12-14,17023.0
2017-12-14 17:00:00,17341.0,17,3,2017-12-14,16955.0
2017-12-14 18:00:00,18152.0,18,3,2017-12-14,17341.0
2017-12-14 19:00:00,18570.0,19,3,2017-12-14,18152.0
2017-12-14 20:00:00,18526.0,20,3,2017-12-14,18570.0
2017-12-14 21:00:00,18509.0,21,3,2017-12-14,18526.0
2017-12-14 22:00:00,18182.0,22,3,2017-12-14,18509.0
2017-12-14 23:00:00,17478.0,23,3,2017-12-14,18182.0
2017-12-15 00:00:00,16803.0,0,4,2017-12-15,17478.0
2017-12-15 01:00:00,16308.0,1,4,2017-12-15,16803.0
2017-12-15 02:00:00,16076.0,2,4,2017-12-15,16308.0
2017-12-15 03:00:00,15884.0,3,4,2017-12-15,16076.0
2017-12-15 04:00:00,15955.0,4,4,2017-12-15,15884.0
2017-12-15 05:00:00,16310.0,5,4,2017-12-15,15955.0
2017-12-15 06:00:00,17077.0,6,4,2017-12-15,16310.0
2017-12-15 07:00:00,18286.0,7,4,2017-12-15,17077.0
2017-12-15 08:00:00,18951.0,8,4,2017-12-15,18286.0
2017-12-15 09:00:00,18647.0,9,4,2017-12-15,18951.0
2017-12-15 10:00:00,18637.0,10,4,2017-12-15,18647.0
2017-12-15 11:00:00,18572.0,11,4,2017-12-15,18637.0
2017-12-15 12:00:00,18417.0,12,4,2017-12-15,18572.0
2017-12-15 13:00:00,18141.0,13,4,2017-12-15,18417.0
2017-12-15 14:00:00,17947.0,14,4,2017-12-15,18141.0
2017-12-15 15:00:00,17905.0,15,4,2017-12-15,17947.0
2017-12-15 16:00:00,17751.0,16,4,2017-12-15,17905.0
2017-12-15 17:00:00,17924.0,17,4,2017-12-15,17751.0
2017-12-15 18:00:00,18547.0,18,4,2017-12-15,17924.0
2017-12-15 19:00:00,18621.0,19,4,2017-12-15,18547.0
2017-12-15 20:00:00,18392.0,20,4,2017-12-15,18621.0
2017-12-15 21:00:00,18180.0,21,4,2017-12-15,18392.0
2017-12-15 22:00:00,17781.0,22,4,2017-12-15,18180.0
2017-12-15 23:00:00,17179.0,23,4,2017-12-15,17781.0
2017-12-16 00:00:00,16355.0,0,5,2017-12-16,17179.0
2017-12-16 01:00:00,15754.0,1,5,2017-12-16,16355.0
2017-12-16 02:00:00,15383.0,2,5,2017-12-16,15754.0
2017-12-16 03:00:00,15161.0,3,5,2017-12-16,15383.0
2017-12-16 04:00:00,15113.0,4,5,2017-12-16,15161.0
2017-12-16 05:00:00,15187.0,5,5,2017-12-16,15113.0
2017-12-16 06:00:00,15573.0,6,5,2017-12-16,15187.0
2017-12-16 07:00:00,16151.0,7,5,2017-12-16,15573.0
2017-12-16 08:00:00,16742.0,8,5,2017-12-16,16151.0
2017-12-16 09:00:00,17046.0,9,5,2017-12-16,16742.0
2017-12-16 10:00:00,16948.0,10,5,2017-12-16,17046.0
2017-12-16 11:00:00,16452.0,11,5,2017-12-16,16948.0
2017-12-16 12:00:00,15808.0,12,5,2017-12-16,16452.0
2017-12-16 13:00:00,15236.0,13,5,2017-12-16,15808.0
2017-12-16 14:00:00,14719.0,14,5,2017-12-16,15236.0
2017-12-16 15:00:00,14316.0,15,5,2017-12-16,14719.0
2017-12-16 16:00:00,14088.0,16,5,2017-12-16,14316.0
2017-12-16 17:00:00,14470.0,17,5,2017-12-16,14088.0
2017-12-16 18:00:00,15640.0,18,5,2017-12-16,14470.0
2017-12-16 19:00:00,16001.0,19,5,2017-12-16,15640.0
2017-12-16 20:00:00,16048.0,20,5,2017-12-16,16001.0
2017-12-16 21:00:00,16024.0,21,5,2017-12-16,16048.0
2017-12-16 22:00:00,15944.0,22,5,2017-12-16,16024.0
2017-12-16 23:00:00,15524.0,23,5,2017-12-16,15944.0
2017-12-17 00:00:00,14957.0,0,6,2017-12-17,15524.0
2017-12-17 01:00:00,14495.0,1,6,2017-12-17,14957.0
2017-12-17 02:00:00,14358.0,2,6,2017-12-17,14495.0
2017-12-17 03:00:00,14328.0,3,6,2017-12-17,14358.0
2017-12-17 04:00:00,14334.0,4,6,2017-12-17,14328.0
2017-12-17 05:00:00,14447.0,5,6,2017-12-17,14334.0
2017-12-17 06:00:00,14588.0,6,6,2017-12-17,14447.0
2017-12-17 07:00:00,14972.0,7,6,2017-12-17,14588.0
2017-12-17 08:00:00,15501.0,8,6,2017-12-17,14972.0
2017-12-17 09:00:00,15840.0,9,6,2017-12-17,15501.0
2017-12-17 10:00:00,16007.0,10,6,2017-12-17,15840.0
2017-12-17 11:00:00,15692.0,11,6,2017-12-17,16007.0
2017-12-17 12:00:00,15507.0,12,6,2017-12-17,15692.0
2017-12-17 13:00:00,15425.0,13,6,2017-12-17,15507.0
2017-12-17 14:00:00,15190.0,14,6,2017-12-17,15425.0
2017-12-17 15:00:00,15024.0,15,6,2017-12-17,15190.0
2017-12-17 16:00:00,15101.0,16,6,2017-12-17,15024.0
2017-12-17 17:00:00,15273.0,17,6,2017-12-17,15101.0
2017-12-17 18:00:00,15999.0,18,6,2017-12-17,15273.0
2017-12-17 19:00:00,16341.0,19,6,2017-12-17,15999.0
2017-12-17 20:00:00,16342.0,20,6,2017-12-17,16341.0
2017-12-17 21:00:00,16162.0,21,6,2017-12-17,16342.0
2017-12-17 22:00:00,15658.0,22,6,2017-12-17,16162.0
2017-12-17 23:00:00,15005.0,23,6,2017-12-17,15658.0
2017-12-18 00:00:00,14319.0,0,0,2017-12-18,15005.0
2017-12-18 01:00:00,13972.0,1,0,2017-12-18,14319.0
2017-12-18 02:00:00,13687.0,2,0,2017-12-18,13972.0
2017-12-18 03:00:00,13528.0,3,0,2017-12-18,13687.0
2017-12-18 04:00:00,13550.0,4,0,2017-12-18,13528.0
2017-12-18 05:00:00,13970.0,5,0,2017-12-18,13550.0
2017-12-18 06:00:00,14700.0,6,0,2017-12-18,13970.0
2017-12-18 07:00:00,16077.0,7,0,2017-12-18,14700.0
2017-12-18 08:00:00,16798.0,8,0,2017-12-18,16077.0
2017-12-18 09:00:00,16733.0,9,0,2017-12-18,16798.0
2017-12-18 10:00:00,16654.0,10,0,2017-12-18,16733.0
2017-12-18 11:00:00,16582.0,11,0,2017-12-18,16654.0
2017-12-18 12:00:00,16399.0,12,0,2017-12-18,16582.0
2017-12-18 13:00:00,16204.0,13,0,2017-12-18,16399.0
2017-12-18 14:00:00,15928.0,14,0,2017-12-18,16204.0
2017-12-18 15:00:00,15684.0,15,0,2017-12-18,15928.0
2017-12-18 16:00:00,15578.0,16,0,2017-12-18,15684.0
2017-12-18 17:00:00,15771.0,17,0,2017-12-18,15578.0
2017-12-18 18:00:00,16510.0,18,0,2017-12-18,15771.0
2017-12-18 19:00:00,16755.0,19,0,2017-12-18,16510.0
2017-12-18 20:00:00,16766.0,20,0,2017-12-18,16755.0
2017-12-18 21:00:00,16519.0,21,0,2017-12-18,16766.0
2017-12-18 22:00:00,16031.0,22,0,2017-12-18,16519.0
2017-12-18 23:00:00,15188.0,23,0,2017-12-18,16031.0
2017-12-19 00:00:00,14387.0,0,1,2017-12-19,15188.0
2017-12-19 01:00:00,13709.0,1,1,2017-12-19,14387.0
2017-12-19 02:00:00,13356.0,2,1,2017-12-19,13709.0
2017-12-19 03:00:00,13206.0,3,1,2017-12-19,13356.0
2017-12-19 04:00:00,13154.0,4,1,2017-12-19,13206.0
2017-12-19 05:00:00,13405.0,5,1,2017-12-19,13154.0
2017-12-19 06:00:00,14196.0,6,1,2017-12-19,13405.0
2017-12-19 07:00:00,15531.0,7,1,2017-12-19,14196.0
2017-12-19 08:00:00,16283.0,8,1,2017-12-19,15531.0
2017-12-19 09:00:00,16261.0,9,1,2017-12-19,16283.0
2017-12-19 10:00:00,15998.0,10,1,2017-12-19,16261.0
2017-12-19 11:00:00,15697.0,11,1,2017-12-19,15998.0
2017-12-19 12:00:00,15395.0,12,1,2017-12-19,15697.0
2017-12-19 13:00:00,15065.0,13,1,2017-12-19,15395.0
2017-12-19 14:00:00,14972.0,14,1,2017-12-19,15065.0
2017-12-19 15:00:00,14690.0,15,1,2017-12-19,14972.0
2017-12-19 16:00:00,14623.0,16,1,2017-12-19,14690.0
2017-12-19 17:00:00,14860.0,17,1,2017-12-19,14623.0
2017-12-19 18:00:00,15692.0,18,1,2017-12-19,14860.0
2017-12-19 19:00:00,16101.0,19,1,2017-12-19,15692.0
2017-12-19 20:00:00,16029.0,20,1,2017-12-19,16101.0
2017-12-19 21:00:00,15994.0,21,1,2017-12-19,16029.0
2017-12-19 22:00:00,15529.0,22,1,2017-12-19,15994.0
2017-12-19 23:00:00,14783.0,23,1,2017-12-19,15529.0
2017-12-20 00:00:00,13869.0,0,2,2017-12-20,14783.0
2017-12-20 01:00:00,13376.0,1,2,2017-12-20,13869.0
2017-12-20 02:00:00,13002.0,2,2,2017-12-20,13376.0
2017-12-20 03:00:00,12834.0,3,2,2017-12-20,13002.0
2017-12-20 04:00:00,12881.0,4,2,2017-12-20,12834.0
2017-12-20 05:00:00,13076.0,5,2,2017-12-20,12881.0
2017-12-20 06:00:00,13993.0,6,2,2017-12-20,13076.0
2017-12-20 07:00:00,15193.0,7,2,2017-12-20,13993.0
2017-12-20 08:00:00,16197.0,8,2,2017-12-20,15193.0
2017-12-20 09:00:00,16122.0,9,2,2017-12-20,16197.0
2017-12-20 10:00:00,16070.0,10,2,2017-12-20,16122.0
2017-12-20 11:00:00,15838.0,11,2,2017-12-20,16070.0
2017-12-20 12:00:00,15606.0,12,2,2017-12-20,15838.0
2017-12-20 13:00:00,15353.0,13,2,2017-12-20,15606.0
2017-12-20 14:00:00,15187.0,14,2,2017-12-20,15353.0
2017-12-20 15:00:00,14973.0,15,2,2017-12-20,15187.0
2017-12-20 16:00:00,14911.0,16,2,2017-12-20,14973.0
2017-12-20 17:00:00,15179.0,17,2,2017-12-20,14911.0
2017-12-20 18:00:00,16223.0,18,2,2017-12-20,15179.0
2017-12-20 19:00:00,16647.0,19,2,2017-12-20,16223.0
2017-12-20 20:00:00,16731.0,20,2,2017-12-20,16647.0
2017-12-20 21:00:00,16680.0,21,2,2017-12-20,16731.0
2017-12-20 22:00:00,16540.0,22,2,2017-12-20,16680.0
2017-12-20 23:00:00,15816.0,23,2,2017-12-20,16540.0
2017-12-21 00:00:00,15186.0,0,3,2017-12-21,15816.0
2017-12-21 01:00:00,14729.0,1,3,2017-12-21,15186.0
2017-12-21 02:00:00,14463.0,2,3,2017-12-21,14729.0
2017-12-21 03:00:00,14456.0,3,3,2017-12-21,14463.0
2017-12-21 04:00:00,14520.0,4,3,2017-12-21,14456.0
2017-12-21 05:00:00,14931.0,5,3,2017-12-21,14520.0
2017-12-21 06:00:00,15813.0,6,3,2017-12-21,14931.0
2017-12-21 07:00:00,16953.0,7,3,2017-12-21,15813.0
2017-12-21 08:00:00,17766.0,8,3,2017-12-21,16953.0
2017-12-21 09:00:00,17796.0,9,3,2017-12-21,17766.0
2017-12-21 10:00:00,17460.0,10,3,2017-12-21,17796.0
2017-12-21 11:00:00,16874.0,11,3,2017-12-21,17460.0
2017-12-21 12:00:00,16412.0,12,3,2017-12-21,16874.0
2017-12-21 13:00:00,15907.0,13,3,2017-12-21,16412.0
2017-12-21 14:00:00,15633.0,14,3,2017-12-21,15907.0
2017-12-21 15:00:00,15261.0,15,3,2017-12-21,15633.0
2017-12-21 16:00:00,15072.0,16,3,2017-12-21,15261.0
2017-12-21 17:00:00,15291.0,17,3,2017-12-21,15072.0
2017-12-21 18:00:00,16200.0,18,3,2017-12-21,15291.0
2017-12-21 19:00:00,16442.0,19,3,2017-12-21,16200.0
2017-12-21 20:00:00,16440.0,20,3,2017-12-21,16442.0
2017-12-21 21:00:00,16275.0,21,3,2017-12-21,16440.0
2017-12-21 22:00:00,15906.0,22,3,2017-12-21,16275.0
2017-12-21 23:00:00,15199.0,23,3,2017-12-21,15906.0
2017-12-22 00:00:00,14391.0,0,4,2017-12-22,15199.0
2017-12-22 01:00:00,13770.0,1,4,2017-12-22,14391.0
2017-12-22 02:00:00,13456.0,2,4,2017-12-22,13770.0
2017-12-22 03:00:00,13303.0,3,4,2017-12-22,13456.0
2017-12-22 04:00:00,13295.0,4,4,2017-12-22,13303.0
2017-12-22 05:00:00,13525.0,5,4,2017-12-22,13295.0
2017-12-22 06:00:00,14082.0,6,4,2017-12-22,13525.0
2017-12-22 07:00:00,14907.0,7,4,2017-12-22,14082.0
2017-12-22 08:00:00,15466.0,8,4,2017-12-22,14907.0
2017-12-22 09:00:00,15637.0,9,4,2017-12-22,15466.0
2017-12-22 10:00:00,15628.0,10,4,2017-12-22,15637.0
2017-12-22 11:00:00,15549.0,11,4,2017-12-22,15628.0
2017-12-22 12:00:00,15347.0,12,4,2017-12-22,15549.0
2017-12-22 13:00:00,15020.0,13,4,2017-12-22,15347.0
2017-12-22 14:00:00,14774.0,14,4,2017-12-22,15020.0
2017-12-22 15:00:00,14504.0,15,4,2017-12-22,14774.0
2017-12-22 16:00:00,14535.0,16,4,2017-12-22,14504.0
2017-12-22 17:00:00,14675.0,17,4,2017-12-22,14535.0
2017-12-22 18:00:00,15245.0,18,4,2017-12-22,14675.0
2017-12-22 19:00:00,15222.0,19,4,2017-12-22,15245.0
2017-12-22 20:00:00,14969.0,20,4,2017-12-22,15222.0
2017-12-22 21:00:00,14876.0,21,4,2017-12-22,14969.0
2017-12-22 22:00:00,14410.0,22,4,2017-12-22,14876.0
2017-12-22 23:00:00,13824.0,23,4,2017-12-22,14410.0
2017-12-23 00:00:00,13042.0,0,5,2017-12-23,13824.0
2017-12-23 01:00:00,12507.0,1,5,2017-12-23,13042.0
2017-12-23 02:00:00,12086.0,2,5,2017-12-23,12507.0
2017-12-23 03:00:00,11917.0,3,5,2017-12-23,12086.0
2017-12-23 04:00:00,11832.0,4,5,2017-12-23,11917.0
2017-12-23 05:00:00,11914.0,5,5,2017-12-23,11832.0
2017-12-23 06:00:00,12213.0,6,5,2017-12-23,11914.0
2017-12-23 07:00:00,12570.0,7,5,2017-12-23,12213.0
2017-12-23 08:00:00,13089.0,8,5,2017-12-23,12570.0
2017-12-23 09:00:00,13621.0,9,5,2017-12-23,13089.0
2017-12-23 10:00:00,13995.0,10,5,2017-12-23,13621.0
2017-12-23 11:00:00,14316.0,11,5,2017-12-23,13995.0
2017-12-23 12:00:00,14314.0,12,5,2017-12-23,14316.0
2017-12-23 13:00:00,14601.0,13,5,2017-12-23,14314.0
2017-12-23 14:00:00,14219.0,14,5,2017-12-23,14601.0
2017-12-23 15:00:00,14092.0,15,5,2017-12-23,14219.0
2017-12-23 16:00:00,14062.0,16,5,2017-12-23,14092.0
2017-12-23 17:00:00,14221.0,17,5,2017-12-23,14062.0
2017-12-23 18:00:00,14804.0,18,5,2017-12-23,14221.0
2017-12-23 19:00:00,14911.0,19,5,2017-12-23,14804.0
2017-12-23 20:00:00,14809.0,20,5,2017-12-23,14911.0
2017-12-23 21:00:00,14765.0,21,5,2017-12-23,14809.0
2017-12-23 22:00:00,14539.0,22,5,2017-12-23,14765.0
2017-12-23 23:00:00,14070.0,23,5,2017-12-23,14539.0
2017-12-24 00:00:00,13418.0,0,6,2017-12-24,14070.0
2017-12-24 01:00:00,12925.0,1,6,2017-12-24,13418.0
2017-12-24 02:00:00,12704.0,2,6,2017-12-24,12925.0
2017-12-24 03:00:00,12466.0,3,6,2017-12-24,12704.0
2017-12-24 04:00:00,12385.0,4,6,2017-12-24,12466.0
2017-12-24 05:00:00,12481.0,5,6,2017-12-24,12385.0
2017-12-24 06:00:00,12710.0,6,6,2017-12-24,12481.0
2017-12-24 07:00:00,13087.0,7,6,2017-12-24,12710.0
2017-12-24 08:00:00,13673.0,8,6,2017-12-24,13087.0
2017-12-24 09:00:00,14237.0,9,6,2017-12-24,13673.0
2017-12-24 10:00:00,14541.0,10,6,2017-12-24,14237.0
2017-12-24 11:00:00,14497.0,11,6,2017-12-24,14541.0
2017-12-24 12:00:00,14337.0,12,6,2017-12-24,14497.0
2017-12-24 13:00:00,14213.0,13,6,2017-12-24,14337.0
2017-12-24 14:00:00,14061.0,14,6,2017-12-24,14213.0
2017-12-24 15:00:00,13946.0,15,6,2017-12-24,14061.0
2017-12-24 16:00:00,13891.0,16,6,2017-12-24,13946.0
2017-12-24 17:00:00,14074.0,17,6,2017-12-24,13891.0
2017-12-24 18:00:00,14615.0,18,6,2017-12-24,14074.0
2017-12-24 19:00:00,14658.0,19,6,2017-12-24,14615.0
2017-12-24 20:00:00,14457.0,20,6,2017-12-24,14658.0
2017-12-24 21:00:00,14403.0,21,6,2017-12-24,14457.0
2017-12-24 22:00:00,14331.0,22,6,2017-12-24,14403.0
2017-12-24 23:00:00,14145.0,23,6,2017-12-24,14331.0
2017-12-25 00:00:00,13892.0,0,0,2017-12-25,14145.0
2017-12-25 01:00:00,13699.0,1,0,2017-12-25,13892.0
2017-12-25 02:00:00,13613.0,2,0,2017-12-25,13699.0
2017-12-25 03:00:00,13633.0,3,0,2017-12-25,13613.0
2017-12-25 04:00:00,13806.0,4,0,2017-12-25,13633.0
2017-12-25 05:00:00,14055.0,5,0,2017-12-25,13806.0
2017-12-25 06:00:00,14387.0,6,0,2017-12-25,14055.0
2017-12-25 07:00:00,14910.0,7,0,2017-12-25,14387.0
2017-12-25 08:00:00,15521.0,8,0,2017-12-25,14910.0
2017-12-25 09:00:00,15892.0,9,0,2017-12-25,15521.0
2017-12-25 10:00:00,16041.0,10,0,2017-12-25,15892.0
2017-12-25 11:00:00,15934.0,11,0,2017-12-25,16041.0
2017-12-25 12:00:00,15643.0,12,0,2017-12-25,15934.0
2017-12-25 13:00:00,15208.0,13,0,2017-12-25,15643.0
2017-12-25 14:00:00,14833.0,14,0,2017-12-25,15208.0
2017-12-25 15:00:00,14657.0,15,0,2017-12-25,14833.0
2017-12-25 16:00:00,14690.0,16,0,2017-12-25,14657.0
2017-12-25 17:00:00,14967.0,17,0,2017-12-25,14690.0
2017-12-25 18:00:00,15847.0,18,0,2017-12-25,14967.0
2017-12-25 19:00:00,16228.0,19,0,2017-12-25,15847.0
2017-12-25 20:00:00,16305.0,20,0,2017-12-25,16228.0
2017-12-25 21:00:00,16291.0,21,0,2017-12-25,16305.0
2017-12-25 22:00:00,16187.0,22,0,2017-12-25,16291.0
2017-12-25 23:00:00,15868.0,23,0,2017-12-25,16187.0
2017-12-26 00:00:00,15456.0,0,1,2017-12-26,15868.0
2017-12-26 01:00:00,15157.0,1,1,2017-12-26,15456.0
2017-12-26 02:00:00,14880.0,2,1,2017-12-26,15157.0
2017-12-26 03:00:00,14790.0,3,1,2017-12-26,14880.0
2017-12-26 04:00:00,14833.0,4,1,2017-12-26,14790.0
2017-12-26 05:00:00,15109.0,5,1,2017-12-26,14833.0
2017-12-26 06:00:00,15598.0,6,1,2017-12-26,15109.0
2017-12-26 07:00:00,16313.0,7,1,2017-12-26,15598.0
2017-12-26 08:00:00,16992.0,8,1,2017-12-26,16313.0
2017-12-26 09:00:00,17347.0,9,1,2017-12-26,16992.0
2017-12-26 10:00:00,17706.0,10,1,2017-12-26,17347.0
2017-12-26 11:00:00,17611.0,11,1,2017-12-26,17706.0
2017-12-26 12:00:00,17324.0,12,1,2017-12-26,17611.0
2017-12-26 13:00:00,17132.0,13,1,2017-12-26,17324.0
2017-12-26 14:00:00,16818.0,14,1,2017-12-26,17132.0
2017-12-26 15:00:00,16711.0,15,1,2017-12-26,16818.0
2017-12-26 16:00:00,16568.0,16,1,2017-12-26,16711.0
2017-12-26 17:00:00,16997.0,17,1,2017-12-26,16568.0
2017-12-26 18:00:00,17870.0,18,1,2017-12-26,16997.0
2017-12-26 19:00:00,18210.0,19,1,2017-12-26,17870.0
2017-12-26 20:00:00,18194.0,20,1,2017-12-26,18210.0
2017-12-26 21:00:00,18099.0,21,1,2017-12-26,18194.0
2017-12-26 22:00:00,17721.0,22,1,2017-12-26,18099.0
2017-12-26 23:00:00,17277.0,23,1,2017-12-26,17721.0
2017-12-27 00:00:00,16735.0,0,2,2017-12-27,17277.0
2017-12-27 01:00:00,16443.0,1,2,2017-12-27,16735.0
2017-12-27 02:00:00,16299.0,2,2,2017-12-27,16443.0
2017-12-27 03:00:00,16334.0,3,2,2017-12-27,16299.0
2017-12-27 04:00:00,16497.0,4,2,2017-12-27,16334.0
2017-12-27 05:00:00,16813.0,5,2,2017-12-27,16497.0
2017-12-27 06:00:00,17507.0,6,2,2017-12-27,16813.0
2017-12-27 07:00:00,18449.0,7,2,2017-12-27,17507.0
2017-12-27 08:00:00,19213.0,8,2,2017-12-27,18449.0
2017-12-27 09:00:00,19424.0,9,2,2017-12-27,19213.0
2017-12-27 10:00:00,19305.0,10,2,2017-12-27,19424.0
2017-12-27 11:00:00,19081.0,11,2,2017-12-27,19305.0
2017-12-27 12:00:00,18763.0,12,2,2017-12-27,19081.0
2017-12-27 13:00:00,18444.0,13,2,2017-12-27,18763.0
2017-12-27 14:00:00,18156.0,14,2,2017-12-27,18444.0
2017-12-27 15:00:00,17948.0,15,2,2017-12-27,18156.0
2017-12-27 16:00:00,17868.0,16,2,2017-12-27,17948.0
2017-12-27 17:00:00,18241.0,17,2,2017-12-27,17868.0
2017-12-27 18:00:00,19342.0,18,2,2017-12-27,18241.0
2017-12-27 19:00:00,19907.0,19,2,2017-12-27,19342.0
2017-12-27 20:00:00,19960.0,20,2,2017-12-27,19907.0
2017-12-27 21:00:00,19963.0,21,2,2017-12-27,19960.0
2017-12-27 22:00:00,19743.0,22,2,2017-12-27,19963.0
2017-12-27 23:00:00,19228.0,23,2,2017-12-27,19743.0
2017-12-28 00:00:00,18796.0,0,3,2017-12-28,19228.0
2017-12-28 01:00:00,18572.0,1,3,2017-12-28,18796.0
2017-12-28 02:00:00,18457.0,2,3,2017-12-28,18572.0
2017-12-28 03:00:00,18436.0,3,3,2017-12-28,18457.0
2017-12-28 04:00:00,18615.0,4,3,2017-12-28,18436.0
2017-12-28 05:00:00,18897.0,5,3,2017-12-28,18615.0
2017-12-28 06:00:00,19394.0,6,3,2017-12-28,18897.0
2017-12-28 07:00:00,20246.0,7,3,2017-12-28,19394.0
2017-12-28 08:00:00,20677.0,8,3,2017-12-28,20246.0
2017-12-28 09:00:00,20846.0,9,3,2017-12-28,20677.0
2017-12-28 10:00:00,20683.0,10,3,2017-12-28,20846.0
2017-12-28 11:00:00,20419.0,11,3,2017-12-28,20683.0
2017-12-28 12:00:00,19891.0,12,3,2017-12-28,20419.0
2017-12-28 13:00:00,19411.0,13,3,2017-12-28,19891.0
2017-12-28 14:00:00,19048.0,14,3,2017-12-28,19411.0
2017-12-28 15:00:00,18635.0,15,3,2017-12-28,19048.0
2017-12-28 16:00:00,18318.0,16,3,2017-12-28,18635.0
2017-12-28 17:00:00,18601.0,17,3,2017-12-28,18318.0
2017-12-28 18:00:00,19453.0,18,3,2017-12-28,18601.0
2017-12-28 19:00:00,19911.0,19,3,2017-12-28,19453.0
2017-12-28 20:00:00,19991.0,20,3,2017-12-28,19911.0
2017-12-28 21:00:00,19858.0,21,3,2017-12-28,19991.0
2017-12-28 22:00:00,19459.0,22,3,2017-12-28,19858.0
2017-12-28 23:00:00,18897.0,23,3,2017-12-28,19459.0
2017-12-29 00:00:00,18204.0,0,4,2017-12-29,18897.0
2017-12-29 01:00:00,17799.0,1,4,2017-12-29,18204.0
2017-12-29 02:00:00,17511.0,2,4,2017-12-29,17799.0
2017-12-29 03:00:00,17319.0,3,4,2017-12-29,17511.0
2017-12-29 04:00:00,17280.0,4,4,2017-12-29,17319.0
2017-12-29 05:00:00,17404.0,5,4,2017-12-29,17280.0
2017-12-29 06:00:00,17730.0,6,4,2017-12-29,17404.0
2017-12-29 07:00:00,18515.0,7,4,2017-12-29,17730.0
2017-12-29 08:00:00,19167.0,8,4,2017-12-29,18515.0
2017-12-29 09:00:00,19175.0,9,4,2017-12-29,19167.0
2017-12-29 10:00:00,19128.0,10,4,2017-12-29,19175.0
2017-12-29 11:00:00,18723.0,11,4,2017-12-29,19128.0
2017-12-29 12:00:00,18395.0,12,4,2017-12-29,18723.0
2017-12-29 13:00:00,17881.0,13,4,2017-12-29,18395.0
2017-12-29 14:00:00,17516.0,14,4,2017-12-29,17881.0
2017-12-29 15:00:00,17365.0,15,4,2017-12-29,17516.0
2017-12-29 16:00:00,17346.0,16,4,2017-12-29,17365.0
2017-12-29 17:00:00,17680.0,17,4,2017-12-29,17346.0
2017-12-29 18:00:00,18425.0,18,4,2017-12-29,17680.0
2017-12-29 19:00:00,18704.0,19,4,2017-12-29,18425.0
2017-12-29 20:00:00,18619.0,20,4,2017-12-29,18704.0
2017-12-29 21:00:00,18491.0,21,4,2017-12-29,18619.0
2017-12-29 22:00:00,18209.0,22,4,2017-12-29,18491.0
2017-12-29 23:00:00,17635.0,23,4,2017-12-29,18209.0
2017-12-30 00:00:00,16839.0,0,5,2017-12-30,17635.0
2017-12-30 01:00:00,16387.0,1,5,2017-12-30,16839.0
2017-12-30 02:00:00,16128.0,2,5,2017-12-30,16387.0
2017-12-30 03:00:00,15980.0,3,5,2017-12-30,16128.0
2017-12-30 04:00:00,15814.0,4,5,2017-12-30,15980.0
2017-12-30 05:00:00,15695.0,5,5,2017-12-30,15814.0
2017-12-30 06:00:00,16004.0,6,5,2017-12-30,15695.0
2017-12-30 07:00:00,16339.0,7,5,2017-12-30,16004.0
2017-12-30 08:00:00,16786.0,8,5,2017-12-30,16339.0
2017-12-30 09:00:00,17182.0,9,5,2017-12-30,16786.0
2017-12-30 10:00:00,17579.0,10,5,2017-12-30,17182.0
2017-12-30 11:00:00,17689.0,11,5,2017-12-30,17579.0
2017-12-30 12:00:00,17735.0,12,5,2017-12-30,17689.0
2017-12-30 13:00:00,17523.0,13,5,2017-12-30,17735.0
2017-12-30 14:00:00,17379.0,14,5,2017-12-30,17523.0
2017-12-30 15:00:00,17280.0,15,5,2017-12-30,17379.0
2017-12-30 16:00:00,17338.0,16,5,2017-12-30,17280.0
2017-12-30 17:00:00,17663.0,17,5,2017-12-30,17338.0
2017-12-30 18:00:00,18461.0,18,5,2017-12-30,17663.0
2017-12-30 19:00:00,18815.0,19,5,2017-12-30,18461.0
2017-12-30 20:00:00,18807.0,20,5,2017-12-30,18815.0
2017-12-30 21:00:00,18713.0,21,5,2017-12-30,18807.0
2017-12-30 22:00:00,18478.0,22,5,2017-12-30,18713.0
2017-12-30 23:00:00,18150.0,23,5,2017-12-30,18478.0
2017-12-31 00:00:00,17761.0,0,6,2017-12-31,18150.0
2017-12-31 01:00:00,17422.0,1,6,2017-12-31,17761.0
2017-12-31 02:00:00,17219.0,2,6,2017-12-31,17422.0
2017-12-31 03:00:00,17313.0,3,6,2017-12-31,17219.0
2017-12-31 04:00:00,17396.0,4,6,2017-12-31,17313.0
2017-12-31 05:00:00,17512.0,5,6,2017-12-31,17396.0
2017-12-31 06:00:00,17779.0,6,6,2017-12-31,17512.0
2017-12-31 07:00:00,18166.0,7,6,2017-12-31,17779.0
2017-12-31 08:00:00,18646.0,8,6,2017-12-31,18166.0
2017-12-31 09:00:00,18954.0,9,6,2017-12-31,18646.0
2017-12-31 10:00:00,19254.0,10,6,2017-12-31,18954.0
2017-12-31 11:00:00,19026.0,11,6,2017-12-31,19254.0
2017-12-31 12:00:00,18750.0,12,6,2017-12-31,19026.0
2017-12-31 13:00:00,18370.0,13,6,2017-12-31,18750.0
2017-12-31 14:00:00,17984.0,14,6,2017-12-31,18370.0
2017-12-31 15:00:00,17803.0,15,6,2017-12-31,17984.0
2017-12-31 16:00:00,17915.0,16,6,2017-12-31,17803.0
2017-12-31 17:00:00,18287.0,17,6,2017-12-31,17915.0
2017-12-31 18:00:00,19263.0,18,6,2017-12-31,18287.0
2017-12-31 19:00:00,19608.0,19,6,2017-12-31,19263.0
2017-12-31 20:00:00,19442.0,20,6,2017-12-31,19608.0
2017-12-31 21:00:00,19323.0,21,6,2017-12-31,19442.0
2017-12-31 22:00:00,19092.0,22,6,2017-12-31,19323.0
2017-12-31 23:00:00,18877.0,23,6,2017-12-31,19092.0
